{"schemaVersion":"1.0","appDefinitionTemplate":{"id":"/providers/Microsoft.PowerApps/apps/","type":"Microsoft.PowerApps/apps","tags":{"primaryDeviceWidth":"1366","primaryDeviceHeight":"768","sienaVersion":"20210214T023234Z-3.21014.45.0","deviceCapabilities":"","supportsPortrait":"false","supportsLandscape":"true","primaryFormFactor":"Tablet","publisherVersion":"3.21014.45","minimumRequiredApiVersion":"2.2.0","hasComponent":"false","hasUnlockedComponent":"false","isUnifiedRootApp":"false"},"properties":{"appVersion":"2021-02-14T02:32:34Z","lifeCycleId":"Published","createdByClientVersion":{"major":3,"minor":21014,"build":45,"revision":0,"majorRevision":0,"minorRevision":0},"minClientVersion":{"major":3,"minor":21014,"build":45,"revision":0,"majorRevision":0,"minorRevision":0},"backgroundColor":"rgba(0, 176, 240, 1)","backgroundImageUri":"/7762774963517175053/N3b9095e5-1c30-4845-a5d0-b5e74eafaeba-logoSmallFile","displayName":"Contact Management - OneDrive - Excel - Tablet - Final","description":"","commitMessage":"","appUris":{"documentUri":{"value":"/7762774963517175053/N82b3123d-9ccc-4593-b685-99a480d64413-document.msapp"},"imageUris":[]},"createdTime":"0001-01-01T00:00:00Z","lastModifiedTime":"0001-01-01T00:00:00Z","sharedGroupsCount":0,"sharedUsersCount":0,"icons":{"smallIconUri":"/7762774963517175053/N48e754e4-af1c-43c0-ba80-fb31101521aa-small.png","mediumIconUri":"/7762774963517175053/Ndc5ebf59-182a-4d21-ac63-8a46160ec015-medium.png","largeIconUri":"/7762774963517175053/N983d7bba-1ab8-401f-af9b-33d702e66b36-large.png","wideIconUri":"/7762774963517175053/Nc3f21fac-4308-46c1-9940-96e2567eaf6e-wide.png"},"connectionReferences":{"fb654abd-955c-4426-8289-2ef587d5264b":{"id":"a4fab097-1006-4f2f-863b-11de2b9cb3dd","displayName":"Excel","iconUri":"https://connectoricons-prod.azureedge.net/releases/v1.0.1411/1.0.1411.2207/excel/icon.png","dataSources":["Table1"],"dependencies":["bf229df4-bbe9-4974-8066-21de48dc0270"],"dependents":[],"parameterHints":{"bf229df4-bbe9-4974-8066-21de48dc0270":{"value":"fileSource"}},"isOnPremiseConnection":false,"dataSets":{"8A84AA80DD3880F0!9237":{"dataSources":{"Table1":{"tableName":"Table1"}}}},"apiTier":"Standard","isCustomApiConnection":false},"bf229df4-bbe9-4974-8066-21de48dc0270":{"id":"2576888a-87c1-4e85-846d-0610ce54046c","displayName":"OneDrive","iconUri":"https://connectoricons-prod.azureedge.net/releases/v1.0.1438/1.0.1438.2324/onedrive/icon.png","dataSources":[],"dependencies":[],"dependents":["fb654abd-955c-4426-8289-2ef587d5264b"],"parameterHints":{},"isOnPremiseConnection":false,"dataSets":{},"apiTier":"Standard","isCustomApiConnection":false}},"databaseReferences":{},"almMode":"Environment","performanceOptimizationEnabled":true,"canConsumeAppPass":true,"executionRestrictions":{"isTeamsOnly":false,"dataLossPreventionEvaluationResult":{"status":"Compliant","lastEvaluationDate":"2021-02-14T02:32:45.1802557Z","violationDetails":[]}}},"isAppComponentLibrary":false,"appType":"ClassicCanvasApp","appComponents":[]}}